-- phpMyAdmin SQL Dump
-- version 5.2.0
-- https://www.phpmyadmin.net/
--
-- Host: 127.0.0.1
-- Generation Time: May 14, 2023 at 07:03 PM
-- Server version: 10.4.27-MariaDB
-- PHP Version: 8.2.0

SET SQL_MODE = "NO_AUTO_VALUE_ON_ZERO";
START TRANSACTION;
SET time_zone = "+00:00";


/*!40101 SET @OLD_CHARACTER_SET_CLIENT=@@CHARACTER_SET_CLIENT */;
/*!40101 SET @OLD_CHARACTER_SET_RESULTS=@@CHARACTER_SET_RESULTS */;
/*!40101 SET @OLD_COLLATION_CONNECTION=@@COLLATION_CONNECTION */;
/*!40101 SET NAMES utf8mb4 */;

--
-- Database: `kreas`
--

-- --------------------------------------------------------

--
-- Table structure for table `orders`
--

CREATE TABLE `orders` (
  `id` int(11) NOT NULL,
  `date` date NOT NULL,
  `country` varchar(255) NOT NULL
) ENGINE=InnoDB DEFAULT CHARSET=utf8mb4 COLLATE=utf8mb4_general_ci;

--
-- Dumping data for table `orders`
--

INSERT INTO `orders` (`id`, `date`, `country`) VALUES
(93, '2023-05-19', 'austria'),
(109, '2023-05-01', 'italy'),
(110, '2023-05-01', 'germany');

-- --------------------------------------------------------

--
-- Table structure for table `orders_products`
--

CREATE TABLE `orders_products` (
  `id` int(11) NOT NULL,
  `id_order` int(11) NOT NULL,
  `id_product` int(11) NOT NULL,
  `quantity` int(11) NOT NULL
) ENGINE=InnoDB DEFAULT CHARSET=utf8mb4 COLLATE=utf8mb4_general_ci;

--
-- Dumping data for table `orders_products`
--

INSERT INTO `orders_products` (`id`, `id_order`, `id_product`, `quantity`) VALUES
(8, 109, 1, 10),
(9, 109, 2, 10),
(10, 110, 1, 1),
(11, 110, 2, 10),
(14, 93, 1, 5),
(15, 93, 2, 5);

-- --------------------------------------------------------

--
-- Table structure for table `products`
--

CREATE TABLE `products` (
  `id` int(11) NOT NULL,
  `name` varchar(255) NOT NULL,
  `co2` int(11) NOT NULL
) ENGINE=InnoDB DEFAULT CHARSET=utf8mb4 COLLATE=utf8mb4_general_ci;

--
-- Dumping data for table `products`
--

INSERT INTO `products` (`id`, `name`, `co2`) VALUES
(1, 'prova', 30),
(2, 'Matteo', 100);

--
-- Indexes for dumped tables
--

--
-- Indexes for table `orders`
--
ALTER TABLE `orders`
  ADD PRIMARY KEY (`id`);

--
-- Indexes for table `orders_products`
--
ALTER TABLE `orders_products`
  ADD PRIMARY KEY (`id`),
  ADD KEY `id_order` (`id_order`),
  ADD KEY `id_product` (`id_product`);

--
-- Indexes for table `products`
--
ALTER TABLE `products`
  ADD PRIMARY KEY (`id`);

--
-- AUTO_INCREMENT for dumped tables
--

--
-- AUTO_INCREMENT for table `orders`
--
ALTER TABLE `orders`
  MODIFY `id` int(11) NOT NULL AUTO_INCREMENT, AUTO_INCREMENT=111;

--
-- AUTO_INCREMENT for table `orders_products`
--
ALTER TABLE `orders_products`
  MODIFY `id` int(11) NOT NULL AUTO_INCREMENT, AUTO_INCREMENT=16;

--
-- AUTO_INCREMENT for table `products`
--
ALTER TABLE `products`
  MODIFY `id` int(11) NOT NULL AUTO_INCREMENT, AUTO_INCREMENT=9;

--
-- Constraints for dumped tables
--

--
-- Constraints for table `orders_products`
--
ALTER TABLE `orders_products`
  ADD CONSTRAINT `orders_products_ibfk_1` FOREIGN KEY (`id_order`) REFERENCES `orders` (`id`) ON DELETE CASCADE ON UPDATE CASCADE,
  ADD CONSTRAINT `orders_products_ibfk_2` FOREIGN KEY (`id_product`) REFERENCES `products` (`id`) ON DELETE CASCADE ON UPDATE CASCADE;
COMMIT;

/*!40101 SET CHARACTER_SET_CLIENT=@OLD_CHARACTER_SET_CLIENT */;
/*!40101 SET CHARACTER_SET_RESULTS=@OLD_CHARACTER_SET_RESULTS */;
/*!40101 SET COLLATION_CONNECTION=@OLD_COLLATION_CONNECTION */;
